炭水化物抜きダイエットについて教えて。,糖質制限ダイエット
炭水化物を控えるダイエットを教えて。,糖質制限ダイエット
糖質制限や炭水化物抜きダイエットって何のこと?,糖質制限ダイエット
糖質制限ダイエットって何?,糖質制限ダイエット
低糖質ダイエットについて教えて。,糖質制限ダイエット
雑穀米ダイエットについて教えて。,雑穀米ダイエット
雑穀米ダイエットって何を食べればいいの?,雑穀米ダイエット
雑穀ダイエットのやり方を教えて。,雑穀米ダイエット
雑穀ダイエットって何?,雑穀米ダイエット
雑穀を食べて痩せたい。,雑穀米ダイエット
雑穀ダイエットって?,雑穀米ダイエット
食べたいものは食べてやせたいんだけど。,食事制限ダイエット
食事の制限しないでダイエットしたいんだけど,食事制限ダイエット
食事制限はしたくないのだけど。,食事制限ダイエット
食事制限は嫌だ。,食事制限ダイエット
ご飯の量は減らしたくないのですが。,食事制限ダイエット
食事制限はしたほうがいいの?,食事制限ダイエット
食べたいものを我慢せずやせたい。,食事制限ダイエット
食事の量を減らすのは難しいです。,食事制限ダイエット
食べる量はそのままでやせることはできますか?,食事制限ダイエット
食事に制限がない方法でダイエットしたい。,食事制限ダイエット
運動でやせるには,運動ダイエット
運動する気が起きません。,運動ダイエット
エクササイズでやせたい,運動ダイエット
やせられる運動って何,運動ダイエット
運動してやせたい,運動ダイエット
どんな運動が効果ありますか,運動ダイエット
どのようなエクササイズをするといいのでしょうか,運動ダイエット
体を動かすのは好きです,運動ダイエット
ダイエットってどんな方法があるの?,ダイエットの種類
ダイエットする方法はありますか?,ダイエットの種類
ダイエットする方法を何か教えてください。,ダイエットの種類
いいダイエット方法を知ってますか?,ダイエットの種類
ダイエットの方法。,ダイエットの種類
